P;IITCODE;N.M;QTY;REFDES;PACKAGE;CATEGORY;Capacitance;Voltage;Tolerance;Dielectric;ESR;Rated RMS current;Temp;Description;Manuf;Manuf Code;Supplier;Supplier Code
1;3;;8,00;C33 C37 C40 C46 C49 C53 C56 C62;0603;C;100nF;50V;10%;X7R;;;;Multilayer Ceramic Capacitor, 100nF, 50V, 10%, X7R, SMD, 0603;Kemet;C0603C104K5RAC7867;SILVERSTAR S.R.L.;KETC0603C104K5RAC7867;Kemet;C0603C104K5RACTU;DIGI-KEY CORPORATION;399-5089-2-ND;Kemet;C0603C104K5RACTU;FARNELL ITALIA S.R.L.;1288255;Murata;GRM188R71H104KA93D;RS COMPONENTS S.P.A.;624-2480;
2;255;;1,00;CT1;0603;C;10nF;50V;10%;X7R;;;;Multilayer Ceramic Capacitor, 10nF, 50V, 10%, X7R, SMD, 0603;AVX;06035C103KAZ2A;FARNELL ITALIA S.R.L.;7569548;AVX;06035C103KAZ2A;RS COMPONENTS S.P.A.;698-3257;AVX;06035C103KAZ2A;MOUSER ELECTRONICS;581-06035C103KAZ2A;Kemet;C0603C103K5RACTU;DIGI-KEY CORPORATION;399-1091-2-ND;
3;658;;2,00;C43 C59;0603;C;470pF;50V;5%;C0G;;;;Multilayer Ceramic Capacitor, 470pF, 50V, 5%, C0G, SMD, 0603;Murata;GRM1885C1H471JA01D;DIGI-KEY CORPORATION;490-1443-2-ND;Murata;GRM1885C1H471JA01D;RS COMPONENTS S.P.A.;624-2389;Murata;GRM1885C1H471JA01D;FARNELL ITALIA S.R.L.;8819904;Murata;GRM1885C1H471JA01D;MOUSER ELECTRONICS;81-GRM39C471J50;
4;659;;2,00;C42 C58;0603;C;680pF;50V;5%;C0G;;;;Multilayer Ceramic Capacitor, 680pF, 50V, 5%, C0G, SMD, 0603;Panasonic;ECJ-1VC1H681J;DIGI-KEY CORPORATION;PCC2149TR-ND;Kemet;C0603C681J5GACTU;FARNELL ITALIA S.R.L.;1414648;Kemet;C0603C681J5GACTU;MOUSER ELECTRONICS;80-C0603C681J5G;Kemet;C0603C681J5GAC7867;RS COMPONENTS S.P.A.;147-774;
5;660;;1,00;C20;0603;C;1500pF;50V;5%;C0G;;;;Multilayer Ceramic Capacitor, 1500pF, 50V, 5%, C0G, SMD, 0603;Murata;GRM1885C1H152JA01D;DIGI-KEY CORPORATION;490-1455-2-ND;Murata;GRM1885C1H152JA01D;RS COMPONENTS S.P.A.;624-2424;Murata;GRM1885C1H152JA01D;FARNELL ITALIA S.R.L.;8819939;Murata;GRM1885C1H152JA01D;MOUSER ELECTRONICS;81-GRM1885C1H152JA01;
6;665;;3,00;C23 C27 C29;0603;C;22nF;50V;5%;X7R;;;;Multilayer Ceramic Capacitor, 22nF, 50V, 5%, X7R, SMD, 0603;Avx;06035C223JAT2A;DIGI-KEY CORPORATION;478-3722-2-ND;Avx;06035C223JAT2A;FARNELL ITALIA S.R.L.;1835412;Avx;06035C223JAT2A;MOUSER ELECTRONICS;581-06035C223JAT2A;
7;667;;3,00;C41 C45 C61;0603;C;47nF;50V;10%;X7R;;;;Multilayer Ceramic Capacitor, 47nF, 50V, 10%, X7R, SMD, 0603;TDK;C1608X7R1H473K;DIGI-KEY CORPORATION;445-1313-2-ND;Murata;GRM188R71H473KA61D;RS COMPONENTS S.P.A.;624-2474;Murata;GRM188R71H473KA61D;FARNELL ITALIA S.R.L.;8820015;Murata;GRM188R71H473KA61D;MOUSER ELECTRONICS;81-GRM188R71H473KA61;TDK;C1608X7R1H473K080AA;MOUSER ELECTRONICS;810-C1608X7R1H473K;
8;724;;2,00;C36 C52;0805;C;1uF;25V;20%;X7R;;;;Multilayer Ceramic Capacitor, 1uF, 25V, 10%, X7R, SMD, 0805;Kemet;C0805C105K3RAC7800;FARNELL ITALIA S.R.L.;1637035;Kemet;C0805C105K3RAC7800;FARNELL ITALIA S.R.L.;1637035RL;Kemet;C0805C105K3RAC7800;RS COMPONENTS S.P.A.;691-1167;Kemet;C0805C105K3RAC7800;MOUSER ELECTRONICS;80-C0805C105K3R;Kemet;C0805C105K3RACTU;MOUSER ELECTRONICS;80-C0805C105K3R;
9;1035;;13,00;C1 C2 C3 C7 C16 C19 C21 C22 C31 C39 C47 C55 C63;0402;C;100nF;16V;10%;X7R;;;;Multilayer Ceramic Capacitor, 100nF, 16V, 10%, X7R, SMD, 0402;Yageo;CC0402KRX7R7BB104;FARNELL ITALIA S.R.L.;9402047;Yageo;CC0402KRX7R7BB104;RS COMPONENTS S.P.A.;616-9701;Kemet;C0402C104K4RACTU;FARNELL ITALIA S.R.L.;1288252;Kemet;C0402C104K4RACTU;MOUSER ELECTRONICS;80-C0402C104K4R;
10;1041;;1,00;C30;0603;C;470nF;16V;10%;X7R;;;;Multilayer Ceramic Capacitor, 470nF, 16V, 10%, X7R, SMD, 0603;Kemet;C0603C474K4RACTU;FARNELL ITALIA S.R.L.;1414644;Kemet;C0603C474K4RACTU;FARNELL ITALIA S.R.L.;1414644RL;Kemet;C0603C474K4RACTU;MOUSER ELECTRONICS;80-C0603C474K4R;Murata;GRM188R71C474KA88D;RS COMPONENTS S.P.A.;723-5626;
11;1078;;4,00;C17 C24 C25 C57;1210;C;1uF;100V;10%;X7R;;;;Multilayer Ceramic Capacitor, 1uF, 100V, 10%, X7R, SMD, 1210;Avx;12101C105KAT2A;FARNELL ITALIA S.R.L.;1301814;Avx;12101C105KAT2A;RS COMPONENTS S.P.A.;698-3740;Avx;12101C105KAT2A;MOUSER ELECTRONICS;581-12101C105KAT2A;
12;1079;;1,00;C26;1210;C;100uF;6.3V;20%;X5R;;;;Multilayer Ceramic Capacitor, 100uF, 6.3V, 10%, X5R, SMD, 1210;Kemet;C1210C107M9PAC7800;FARNELL ITALIA S.R.L.;1108328;Kemet;C1210C107M9PAC7800;RS COMPONENTS S.P.A.;691-1243;Kemet;C1210C107M9PAC7800;MOUSER ELECTRONICS;80-C1210C107M9P;
13;1293;;2,00;C32 C48;0603;C;1uF;16V;10%;X7R;;;;Multilayer Ceramic Capacitor, 1uF, 16V, 10%, X7R, SMD, 0603;Yageo;CC0603KRX7R7BB105;FARNELL ITALIA S.R.L.;1458900;Yageo;CC0603KRX7R7BB105;MOUSER ELECTRONICS;603-CC603KRX7R7BB105;Yageo;CC0603KRX7R7BB105;FARNELL ITALIA S.R.L.;1458900RL;Murata;GRM188R71C105KA12D;RS COMPONENTS S.P.A.;723-5613;
14;1324;;1,00;C6;0402;C;1uF;10V;10%;X5R;;;;OBSOLETE - Multilayer Ceramic Capacitor, 1uF, 10V, 10%, X5R, SMD, 0402;Phycomp;CC0402KRX5R6BB105;FARNELL ITALIA S.R.L.;1458896;Phycomp;CC0402KRX5R6BB105;MOUSER ELECTRONICS;603-CC402KRX5R6BB105;TDK;C1005X5R1A105KT;RS COMPONENTS S.P.A.;741-4396;
15;1348;;1,00;C5;0402;C;10nF;25V;10%;X7R;;;;Multilayer Ceramic Capacitor, 10nF, 25V, 10%, X7R, SMD, 0402;Kemet;C0402C103K3RAC7867;RS COMPONENTS S.P.A.;147-049;Kemet;C0402C103K3RAC7867;FARNELL ITALIA S.R.L.;1650806RL;Kemet;C0402C103K3RAC7867;MOUSER ELECTRONICS;80-C0402C103K3R;
16;1421;;1,00;C4;0805;C;4.7uF;6.3V;10%;X5R;;;;Multilayer Ceramic Capacitor, 4.7uF, 6.3V, 10%, X5R, SMD, 0805;Murata;GRM219R60J475KE19D;FARNELL ITALIA S.R.L.;9522999;Murata;GRM219R60J475KE19D;RS COMPONENTS S.P.A.;624-2705;Murata;GRM219R60J475KE19D;MOUSER ELECTRONICS;81-GRM219R60J475KE9D;
17;1485;;2,00;C35 C51;7343;C;47uF;35V;10%;Tantalum;200mR;580mA @100kHz;125C;Tantalum Capacitor, 47uF, 35V, 10%, SMD, 7343, h.4.1mm;Avx;TPSE476K035R0200;RS COMPONENTS S.P.A.;548-0170;Avx;TPSE476K035R0200;FARNELL ITALIA S.R.L.;1135125;Avx;TPSE476K035R0200;MOUSER ELECTRONICS;581-TPSE476K035R0200;
18;1684;;1,00;C28;0402;C;330pF;50V;10%;X7R;;;;Multilayer Ceramic Capacitor, 330pF, 50V, 10%, X7R, SMD, 0402;TDK;C1005X7R1H331K;DIGI-KEY CORPORATION;445-4910-6-ND;TDK;C1005X7R1H331K;RS COMPONENTS S.P.A.;111-062;TDK;C1005X7R1H331K;FARNELL ITALIA S.R.L.;1844140;TDK;C1005X7R1H331K;MOUSER ELECTRONICS;810-C1005X7R1H331K;Kyocera;04025C331JAT2A;MOUSER ELECTRONICS;581-04025C331JAT2A;Kyocera;04025C331JAT2A;DIGI-KEY Germany;478-3662-2-ND;
19;2917;;2,00;C11 C14;CAP-POL-CASEG;C;47uF;80V;20%;;700mR;200mR @100kHz;105C;Electrolithic Capacitor, 47uF, 80V, SMD, Diam.10.2x10.2mm;Panasonic;EEVFK1K470P;FARNELL ITALIA S.R.L.;9696105;Panasonic;EEVFK1K470P;RS COMPONENTS S.P.A.;708-3699;Cornell Dubilier Electronics;AFK476M80G24T-F;MOUSER ELECTRONICS;5985-AFK80V47-F;Panasonic;EEE-FK1K470P;MOUSER ELECTRONICS;667-EEE-FK1K470P;
20;5930;;3,00;C12 C13 C15;0805;C;100nF;100V;10%;X7R;;;;Multilayer Ceramic Capacitor, 100nF,100V, 10%, X7R, SMD, 0805;AVX;08051C104K4Z2A;FARNELL ITALIA S.R.L.;1833851;
21;6153;;2,00;C34 C50;CAP-POL-CASEG;C;470uF;25V;20%;;90mR;850mR@100kHz;105C;Electrolithic Capacitor, 470uF, 25V, SMD, Diam.10x10.5mm;Rubycon;25TZV470M10X10.5;FARNELL ITALIA S.R.L.;1712593;
22;6533;;2,00;C44 C60;0603;C;4.7pF;50V;5%;C0G;;;;Multilayer Ceramic Capacitor, 4.7pF, 50V, 5%, C0G, SMD, 0603;Kemet;C0603C479C5GACTU;FARNELL ITALIA S.R.L.;1414645;
P;IITCODE;N.M;QTY;REFDES;PACKAGE;CATEGORY;Value;Current;Impedence;Pieces_quoted;Prepared;;;Description;Manuf;Manuf Code;Supplier;Supplier Code
23;504;;1,00;TP2;TP-1206;CO;S1751-46;;;;;;;Test point, SMD, 1206;Harwin;S1751-46;FARNELL ITALIA S.R.L.;1022338;
24;719;;4,00;J2 J3 J4 J5;MKDS14-381;CO;MKDS 1/4-3.81;10A;;;;;;Terminal block, MKDS, 4 contacts, 1 row, female, p.3.81mm, Straight,  w to b, 10A, screw terminal, THD;Phoenix;1727036;RS COMPONENTS S.P.A.;220-4361;Phoenix;1727036;FARNELL ITALIA S.R.L.;3704592;
25;1124;;3,00;P1 P2 P3;53261-0671;CO;53261-0671;1A;;;;;;PCB connector, Picoblade, 6 contacts, 1 row, male, p.1.25mm,  90°, w to b, nolock, key, SMD;Molex;53261-0671;FARNELL ITALIA S.R.L.;1125375;Molex;53261-0671;RS COMPONENTS S.P.A.;542-7135;Amphenol;10114830-10106LF;MOUSER ELECTRONICS;649-10114830-10106LF;
26;1295;;1,00;J1;PSTRIP10X2_M_SMD;CO;FTSH-105-01-L-DV;1.75A;;;;;;PCB connector, Pin strip, 10 contacts, 2 rows, male, p.1.27mm, rows spacing 1.27mm, Straight, b to b, nolock, nokey, SMD;Samtec;FTSH-105-01-L-DV;FARNELL ITALIA S.R.L.;1667759;Samtec;FTSH-105-01-L-DV;MOUSER ELECTRONICS;200-FTSH10501LDV;
27;2980;;2,00;P4 P5;53261-0271;CO;53261-0271;1A;;;;;;PCB connector, Picoblade, 2 contacts, 1 row, male, p.1.25mm, 90°, w to b, lock, key, SMD;Molex;53261-0271;FARNELL ITALIA S.R.L.;1125373;Amphenol;10114830-10102LF;MOUSER ELECTRONICS;649-10114830-10102LF;
28;3581;;4,00;TP1 TP3 TP4 TP5;SMOXM, TP-SMOXML;CO;SMOX/060/B1 GOLD;3A;;;;;;Test point SMOX, male, SMD, 1.5x1.5mm H=2mm;Oxley;SMOX/060/B1 GOLD;FARNELL ITALIA S.R.L.;1573280;
29;4870;;1,00;JP1;JP0402, JP0603, JP0805, JP1210;CO;PCB jumper;;;;;;;Solderable PCB jumper, two pads, normally open;
P;IITCODE;N.M;QTY;REFDES;PACKAGE;CATEGORY;Value;Current;Pieces_quoted;Prepared;;;;Description;Manuf;Manuf Code;Supplier;Supplier Code
30;565;;1,00;D4;SOD123;DI;SS19L;1A;;;;;;OBSOLETE - Diode Schottky, Vrrm: 90V, If: 1A, Ifms: 30A, SMD, SOD123;Taiwan semiconductors;SS19L;FARNELL ITALIA S.R.L.;1559161;Taiwan semiconductors;SS19L;RS COMPONENTS S.P.A.;743-6015;Taiwan semiconductors;SS19L;DIGI-KEY Germany;1801-SS19LCT;
31;5929;;1,00;D1;DO214AC;DI;SMAJ58CA;40A;;;;;;Diode Transzorb, Vbr: 58V, Pp: 400W, Bidirectional, SMD, DO214AC;Multicomp;SMAJ58CA;FARNELL ITALIA S.R.L.;1579006RL;Multicomp;SMAJ58CA;FARNELL ITALIA S.R.L.;2677672;
32;5932;;1,00;D3;DO214AB;DI;MBRS3100T3G;3A;;M.M;;;;Diode schottky, Vrrm: 100V, If: 3A, Ifms: 130A, SMD, DO214AB;ON Semiconductors;MBRS3100T3G;FARNELL ITALIA S.R.L.;1459075;
33;6162;;2,00;U4 U9;TO263AB;DI;MBRB20H100CT;20A;;AM;;;;Diode schottky, Dual, Vrrm: 100V, If: 20A, Ifms: 200A, SMD, TO263AB;Vishay;MBRB20H100CT-E3/45;FARNELL ITALIA S.R.L.;1859694;
P;IITCODE;N.M;QTY;REFDES;PACKAGE;CATEGORY;Value;Intensity;Led_color;Pieces_quoted;Prepared;;;Description;Manuf;Manuf Code;Supplier;Supplier Code
34;1652;;1,00;DL2;LED0603;DL;SML-511UWT86R;40mcd;Red;;;;;Led diode, red, 2V, 20mA, 40mcd, SMD, 0603;Rohm;SML-511UWT86R;FARNELL ITALIA S.R.L.;1685073;Rohm;SML-511UWT86;RS COMPONENTS S.P.A.;700-7966;Rohm;SML-511UWT86;DIGI-KEY Germany;511-1310-1-ND;Rohm;SML-D12U1WT86;RS COMPONENTS S.P.A.;133-2870;
35;1653;;2,00;DL4 DL7;LED0603;DL;SML-511DWT86R;40mcd;Orange;;;;;Led diode, orange, 2V, 20mA, 40mcd, SMD, 0603;Rohm;SML-511DWT86R;FARNELL ITALIA S.R.L.;1685072;Rohm;SML-511DWT86R;MOUSER ELECTRONICS;755-SML-D12D1WT86;Rohm;SML-511DWT86;MOUSER ELECTRONICS;755-SML-511DWT86;Rohm;SML-D12D1WT86;DIGI-KEY Germany;D12D1WT86CT-ND;
36;1654;;3,00;DL1 DL5 DL6;LED0603;DL;SML-512MWT86R;40mcd;Green;;;;;Led diode, green, 2V, 20mA, 40mcd, SMD, 0603;Rohm;SML-512MWT86R;FARNELL ITALIA S.R.L.;1685076;Rohm;SML-512MWT86;MOUSER ELECTRONICS;755-SML-512MWT86;Rohm;SML-D13M8WT86;DIGI-KEY Germany;846-1198-1-ND;
37;1655;;1,00;DL3;LED0603;DL;OVS-0603;100mcd;Blue;;;;;Led diode, blue, 4V, 25mA, 100mcd, SMD, 0603;Avago technologies;OVS-0603;FARNELL ITALIA S.R.L.;1716770;
P;IITCODE;N.M;QTY;REFDES;PACKAGE;CATEGORY;Value;Supply_voltage;Tolerance;Pieces_quoted;Prepared;;;Description;Manuf;Manuf Code;Supplier;Supplier Code
38;241;;1,00;U10;SOT23-8;DR;MAX3051;3.3V;;;;;;CAN Transceiver, 3.3V, SMD, SOT23-8;Maxim;MAX3051EKA;DIGI-KEY CORPORATION;MAX3051EKA+T-ND;Maxim;MAX3051EKA;RS COMPONENTS S.P.A.;732-8992;Maxim;MAX3051EKA;MOUSER ELECTRONICS;700-MAX3051EKAT;Maxim;MAX3051EKA+T;MOUSER ELECTRONICS;700-MAX3051EKAT;Maxim;MAX3051EKA+T;DIGI-KEY Germany;MAX3051EKA+TCT-ND;
P;IITCODE;N.M;QTY;REFDES;PACKAGE;CATEGORY;Value;;;;;;;Description;Manuf;Manuf Code;Supplier;Supplier Code
39;6161;;2,00;MEC1 MEC2;-;FAST;SMTSO-M25-3ET;;;;;;;PEM Surface Mount Nuts and Spacers/Standoffs - Type SMTSO, M2.5;Penn Engineering;SMTSO-M25-3ET;TAG CONTROL S.R.L.;SMTSO-M25-3ET;Penn Engineering;SMTSO-M25-3ET;MOUSER ELECTRONICS;SMTSO-M25-3ET;
P;IITCODE;N.M;QTY;REFDES;PACKAGE;CATEGORY;Value;Tolerance;Current;Voltage;Pieces_quoted;Prepared;;Description;Manuf;Manuf Code;Supplier;Supplier Code
40;545;;1,00;FL1;WE-SL1;FI;330uH@100KHz;+/-40%;300mA;80Vdc;;;;Common mode line filter, 330uH, 300mA, 80Vdc, SMD, 6.5x3.6mm;Wurth Elektronik;744212331;RS COMPONENTS S.P.A.;500-3199;
P;IITCODE;N.M;QTY;REFDES;PACKAGE;CATEGORY;Inductance;Current;Tolerance;SRF;RMS;Prepared;;Description;Manuf;Manuf Code;Supplier;Supplier Code
41;1122;;1,00;L1;4p8x4p8;L;33uH;820mA;10%;16MHz;;;;Inductor, Shielded, 33uH, 820mA, 10%, SMD, 4.8X4.8x2.8mm;Wurth Elektronic;744043330;DIGI-KEY CORPORATION;732-1108-1-ND;Wurth Elektronic;744043330;RS COMPONENTS S.P.A.;744-4763;Bourns;SRR4028-330Y;DIGI-KEY CORPORATION;SRR4028-330YCT-ND;
42;6155;;2,00;L2 L3;XAL1010-153MED;L;15uH;13.8A;20%;;13.8A;AM;;Inductor, Shielded, 15uH, 13.8A, 20%, SMD, 11.3x10mm;Coilcraft;XAL1010-153MED;FARNELL ITALIA S.R.L.;2289022RL;
P;IITCODE;N.M;QTY;REFDES;PACKAGE;CATEGORY;Value;Ranges;Tolerance;Pieces_quoted;Prepared;;;Description;Manuf;Manuf Code;Supplier;Supplier Code
43;6150;;1,00;U1;-;MI;STM32F103T8U6;32bit;;;AM;;;Microcontroller ARM Cortex-M3, single core, 32bit, 72MHz, 64kB FLASH, 20kB SRAM, 2.0/3.6V, SMD, VFQFPN36;St microelectronics;STM32F103T8U6;FARNELL ITALIA S.R.L.;1606329;
P;IITCODE;N.M;QTY;REFDES;PACKAGE;CATEGORY;Value;Ranges;Tolerance;Pieces_quoted;Prepared;;;Description;Manuf;Manuf Code;Supplier;Supplier Code
44;6120.0;;1,00;PCB;;PCB;BDC_0;;;;AM;;;BDC, IIT - Printed Circuit Board, Backpack DCDC Converters Board with CAN interface;IIT;6120;EUROCIRCUITS bvba;6120;IIT;6120;EES S.P.A.;CS6364;
P;IITCODE;N.M;QTY;REFDES;PACKAGE;CATEGORY;Value;Load capacitance;Stability;Frequency;Pieces_quoted;Prepared;;Description;Manuf;Manuf Code;Supplier;Supplier Code
45;1278;;1,00;Y1;S2;Q;S23305-10.000-X;-;50ppm;10MHz;;;;Oscillator, 10MHz, 3.3V, 50ppm, SMD, 2.5x2mm;Aker;S23305-10.000-X;RS COMPONENTS S.P.A.;671-9763;Aker;S23305-10.000-X;FARNELL ITALIA S.R.L.;2405706RL;Epson;X1G0041710016 SG-210STF 10 MHZ L;FARNELL ITALIA S.R.L.;2405706RL;IQD;LFSPXO061624;FARNELL ITALIA S.R.L.;2627286;Citizen;CSX-252FAE10000000T;DIGI-KEY Germany;300-8822-2-ND;ECS;ECS-2520MVLC-100-BN-TR;MOUSER ELECTRONICS;520-2520MVLC-100BNTR;Kyocera;KC2520K10.0000C1GE00;DIGI-KEY Germany;478-KC2520K10.0000C1GE00CT-ND;
P;IITCODE;N.M;QTY;REFDES;PACKAGE;CATEGORY;Resistance;Power;Tolerance;Stability;Voltage;Prepared;;Description;Manuf;Manuf Code;Supplier;Supplier Code
46;242;;1,00;R25;0603;R;0R;0.063W;1%;200ppm;;;;Resistor Thick film, 0R, 0.063W, 1%, SMD, 0603;Multicomp;MC-0.063W-0603-0R;FARNELL ITALIA S.R.L.;9331662RL;Multicomp;MC-0.063W-0603-0R;FARNELL ITALIA S.R.L.;9331662;
47;245;;1,00;R20;0603;R;1K;0.1W;1%;100ppm;;;;Resistor Thick Film, 1K, 0.1W, 1%, SMD, 0603;Phycomp;232270461002;FARNELL ITALIA S.R.L.;9238484;Phycomp;232270461002;MOUSER ELECTRONICS;603-RC0603FR-071KL;Phycomp;RC0603FR-071KL;DIGI-KEY CORPORATION;311-1.00KHRTR-ND;Phycomp;RC0603FR-071KL;RS COMPONENTS S.P.A.;504-8928;
48;256;;1,00;R63;0603;R;120R;0.063W;1%;100ppm;;;;OBSOLETE - Resistor Thick Film, 120R, 0.063W, 1%, SMD, 0603;Multicomp;MC-0.063W-0603-1%-120R;FARNELL ITALIA S.R.L.;9330496;Multicomp;MC-0.063W-0603-1%-120R;FARNELL ITALIA S.R.L.;9238379;
49;285;;2,00;R47 R60;0603;R;2K;0.063W;0.1%;25ppm;;;;Resistor Thick Film, 2K, 0.063W, 0,1%, SMD, 0603;Welwyn;PCF0603R-2K00BI.T1;FARNELL ITALIA S.R.L.;1160331;
50;435;;4,00;R37 R46 R51 R59;0603;R;0R;0.1W;5%;100ppm;;;;Resistor Thick film, 0R, 0.1W, 5%, SMD, 0603;Panasonic;ERJ-3GEY0R00V;DIGI-KEY CORPORATION;P0.0GCT-ND;Panasonic;ERJ-3GEY0R00V;DIGI-KEY CORPORATION;P0.0GTR-ND;Bourns;CR0603-J/-000ELF;FARNELL ITALIA S.R.L.;2008343RL;
51;436;;4,00;R14 R15 R16 R17;0603;R;10R;0.1W;1%;200ppm;;;;Resistor Thick Film, 10R, 0.1W, 1%, SMD, 0603;Phycomp;RC0603FR-0710RL;DIGI-KEY CORPORATION;311-10.0HRTR-ND;Phycomp;RC0603FR-0710RL;FARNELL ITALIA S.R.L.;9238247;Phycomp;RC0603FR-0710RL;FARNELL ITALIA S.R.L.;9238247RL;
52;444;;3,00;R6 R8 R13;0603;R;100R;0.1W;1%;100ppm;;;;Resistor Thick film 100R, 0.1W, 1%, SMD, 0603;Phycomp;RC0603FR-07100RL;DIGI-KEY CORPORATION;311-100HRTR-ND;Phycomp;RC0603FR-07100RL;FARNELL ITALIA S.R.L.;9238360;Phycomp;RC0603FR-07100RL;RS COMPONENTS S.P.A.;504-8912;Phycomp;RC0603FR-07100RL;MOUSER ELECTRONICS;603-RC0603FR-07100RL;
53;456;;2,00;R48 R61;0603;R;3K3;0.1W;1%;100ppm;;;;Resistor Thick film, 3K3, 0.1W, 1%, SMD, 0603;Phycomp;RC0603FR-073K3L;DIGI-KEY CORPORATION;311-3.30KHRTR-ND;Phycomp;RC0603FR-073K3L;FARNELL ITALIA S.R.L.;9238549;
54;461;;2,00;R45 R58;0603;R;12K;0.1W;1%;100ppm;;;;Resistor Thick film, 12K, 0.1W, 1%, SMD, 0603;Phycomp;RC0603FR-0712KL;DIGI-KEY CORPORATION;311-12.0KHRTR-ND;Phycomp;RC0603FR-0712KL;FARNELL ITALIA S.R.L.;9238611;Phycomp;RC0603FR-0712KL;FARNELL ITALIA S.R.L.;9238611RL;
55;462;;1,00;R54;0603;R;15K;0.1W;1%;100ppm;;;;Resistor Thick film 15K,  0.1W, 1%, SMD, 0603;Phycomp;RC0603FR-0715KL;DIGI-KEY CORPORATION;311-15.0KHRTR-ND;Welwyn;ASC0603EW-15KFT5;FARNELL ITALIA S.R.L.;2078916;
56;556;;2,00;R39 R52;0603;R;2K7;0.1W;1%;100ppm;;;;Resistor Thick film, 2K7, 0.1W, 1%, SMD, 0603;Phycomp;RC0603FR-072K7L;DIGI-KEY CORPORATION;311-2.70KHRTR-ND;Phycomp;RC0603FR-072K7L;FARNELL ITALIA S.R.L.;9238530;
57;613;;2,00;R44 R57;0805;R;2K;0.1W;1%;100ppm;;;;Resistor Thick film, 2K, 0.1W, 1%, SMD, 0805;Multicomp;MC 0.1W 0805 1% 2K;FARNELL ITALIA S.R.L.;9332766;Multicomp;MCWR08X2001FTL;FARNELL ITALIA S.R.L.;2447622;Vishay;CRCW08052K00FKEA;FARNELL ITALIA S.R.L.;1469884;
58;751;;1,00;R23;0805;R;1K;0.1W;1%;100ppm;;;;Resistor Thick film, 1K, 0.1W, 1%, SMD, 0805;Multicomp;MC 0.1W 0805 1% 1K;FARNELL ITALIA S.R.L.;9332383;Vishay;CRCW08051K00FKEA;FARNELL ITALIA S.R.L.;1469847;
59;808;;1,00;R32;0603;R;22K;0.1W;0.1%;25ppm;;;;Resistor Precision thin film, 22K, 0.1W, 0.1%, SMD, 0603;Panasonic;ERA3AEB223V;FARNELL ITALIA S.R.L.;1577624;
60;809;;2,00;R42 R55;0603;R;100K;0.1W;0.1%;25ppm;;;;Resistor Precision thin film, 100K, 0.1W, 0.1%, SMD, 0603;Panasonic;ERA3AEB104V;FARNELL ITALIA S.R.L.;1577632RL;
61;1087;;5,00;R9 R10 R11 R31 R62;0402;R;220R;0.063W;1%;100ppm;;;;Resistor Thick film, 220R, 0.063W, 1%, SMD, 0402;Multicomp;MC 0.0625W 0402 1% 220R;FARNELL ITALIA S.R.L.;1358024RL;TE Connectivity;CRGCQ0402F220R;MOUSER ELECTRONICS;279-CRGCQ0402F220R;
62;1105;;1,00;R30;0402;R;2K2;0.063W;1%;250ppm;;;;Resistor Thick film, 2K2, 0.063W, 1%, SMD, 0402;Yageo;RC0402FR-072K2L;FARNELL ITALIA S.R.L.;9239278RL;
63;1106;;1,00;R26;0402;R;3K01;0.063W;1%;100ppm;;;;Resistor Thick film, 3K01, 0.063W, 1%, SMD, 0402;Vishay;CRCW04023K01FKED;FARNELL ITALIA S.R.L.;1151124;
64;1107;;2,00;R7 R12;0402;R;4K7;0.063W;1%;100ppm;;;;Resistor Thick film, 4K7, 0.063W, 1%, SMD, 0402;Vishay;CRCW04024K70FKED;FARNELL ITALIA S.R.L.;1469712RL;Yageo;RC0402FR-7D4K7L;MOUSER ELECTRONICS;603-RC0402FR-7D4K7L;
65;1109;;1,00;R5;0402;R;10K;0.063W;1%;250ppm;;;;Resistor Thick film, 10K, 0.063W, 1%, SMD, 0402;Yageo;RC0402FR-0710KL;FARNELL ITALIA S.R.L.;9239359RL;Yageo;RC0402FR-0710KL;MOUSER ELECTRONICS;603-RC0402FR-0710KL;
66;1114;;1,00;R29;0402;R;68K;0.063W;1%;250ppm;;;;Resistor Thick film, 68K, 0.063W, 1%, SMD, 0402;Yageo;RC0402FR-0768KL;FARNELL ITALIA S.R.L.;9239456RL;
67;1274;;1,00;R24;0402;R;47K;0.063W;1%;100ppm;;;;Resistor Thick film, 47K, 0.063W, 1%, SMD, 0402;Yageo;RC0402FR-0747KL;FARNELL ITALIA S.R.L.;9239430;Yageo;RC0402FR-0747KL;FARNELL ITALIA S.R.L.;9239430RL;
68;1411;;1,00;R28;0603;R;22K;0.063W;1%;100ppm;;;;Resistor Thick Film, 22K, 0.063W, 1%, SMD, 0603;Multicomp;MC 0.063W 0603 1% 22K;FARNELL ITALIA S.R.L.;9330828;Yageo;RC0603FR-0722KL;DIGI-KEY Germany;311-22.0KHRCT-ND;
69;1414;;1,00;R27;0603;R;3K3;0.063W;1%;100ppm;;;;Resistor Thick film, 3K3, 0.063W, 1%, SMD, 0603;Multicomp;MC 0.063W 0603 1% 3K3;FARNELL ITALIA S.R.L.;9331026;Vishay;CRCW06033K30FKEA;FARNELL ITALIA S.R.L.;1469793;
70;1418;;1,00;R64;0603;R;100R;0.063W;1%;200ppm;;;;Resistor Thick film, 100R, 0.063W, 1%, SMD, 0603;Multicomp;MC 0.063W 0603 1% 100R;FARNELL ITALIA S.R.L.;9330364;Vishay;CRCW0603100RFKEA;FARNELL ITALIA S.R.L.;1469752;
71;1424;;1,00;R21;0603;R;6K8;0.063W;1%;100ppm;;;;Resistor Thick film, 6K8, 0.063W, 1%, SMD, 0603;Multicomp;MC 0.063W 0603 1% 6K8;;;Phycomp;RC0603FR-076K8L;FARNELL ITALIA S.R.L.;9238581;
72;1571;;2,00;R36 R49;0603;R;220K;0.063W;1%;100ppm;;;;Resistor Thick film, 220K, 0.063W, 1%, SMD, 0603;Multicomp;MC 0.063W 0603 1% 220K;FARNELL ITALIA S.R.L.;9330836;Vishay;CRCW0603220KFKEA;FARNELL ITALIA S.R.L.;1469783;
73;1574;;3,00;R40 R41 R53;0603;R;10K;0.063W;1%;100ppm;;;;Resistor Thick film, 10K, 0.063W, 1%, SMD, 0603;Multicomp;MC 0.063W 0603 1% 10K;FARNELL ITALIA S.R.L.;9330399;Multicomp;MC 0.063W 0603 1% 10K;FARNELL ITALIA S.R.L.;9330399RL;Vishay;CRCW060310K0FKEA;DIGI-KEY Germany;541-10.0KHCT-ND;
74;1698;;1,00;R35;0402;R;1K3;0.063W;1%;100ppm;;;;Resistor Thick film, 1K3, 0.063W, 1%, SMD, 0402;Vishay;CRCW04021K30FKED;DIGI-KEY CORPORATION;541-1.30KLDKR-ND;
75;1704;;1,00;R33;0402;R;12K;0.063W;1%;200ppm;;;;Resistor Thick film, 12K, 0.063W, 1%, SMD, 0402;Vishay;CRCW040212K0FKED;DIGI-KEY CORPORATION;541-12.0KLDKR-ND;Vishay;CRCW040212K0FKED;FARNELL ITALIA S.R.L.;2140866RL;
76;3578;;3,00;R34 R43 R56;0603;R;18K;0.063W;1%;100ppm;;;;Resistor Thick film, 18K, 0.063W, 1%, SMD, 0603;Multicomp;MC 0.063W 0603 1% 18K;FARNELL ITALIA S.R.L.;9330720;Vishay;CRCW060318K0FKEA;FARNELL ITALIA S.R.L.;1692519;
77;4001;;2,00;R1 R4;0402;R;100K;0.063W;1%;250ppm;;;;Resistor Thick film, 100K, 0.063W, 1%, SMD, 0402;Yageo;RC0402FR-07100KL;FARNELL ITALIA S.R.L.;9239472RL;
78;5956;;1,00;RS1;1224KELVIN;R;0R005;2W;1%;200ppm;;M.M;;Resistor Thick film, 0R005, 2W, 1%, SMD, 1224 KELVIN;Ohmite;LVK25R005FER;FARNELL ITALIA S.R.L.;1462326;
79;6160;;2,00;RS2 RS3;1224KELVIN;R;0R01;2W;1%;100ppm;;AM;;Resistor Thick film, 0R01, 2W, 1%, SMD, 1224 KELVIN;Ohmite;LVK25R010FER;MOUSER ELECTRONICS;588-LVK25R010FER;
80;10162;;1,00;R22;0603;R;75K;0.1W;1%;100ppm;;;;Resistor Thick film, 75K, 0.1W, 1%, SMD, 0603;Vishay;CRCW060375K0FKEA;FARNELL ITALIA S.R.L.;2138485;
81;12965;;1,00;R19;0603;R;665R;0.1W;1%;100ppm;;;;Resistor Thick film, 665R, 0.1W, 1%, SMD, 0603;Vishay;CRCW0603665RFKEA;FARNELL ITALIA S.R.L.;2141355;
P;IITCODE;N.M;QTY;REFDES;PACKAGE;CATEGORY;Value;Ranges;Tolerance;Pieces_quoted;Prepared;;;Description;Manuf;Manuf Code;Supplier;Supplier Code
82;5936;;1,00;U2;TSSOP14;RE;TPS2493PW;;;;;;;Power-Limiting Hotswap Controller With Analog Current Monitor Output, TSSOP14;Texas Instruments;TPS2493PW;FARNELL ITALIA S.R.L.;1841885;Texas Instruments;TPS2493PW;MOUSER ELECTRONICS;595-TPS2493PW;
P;IITCODE;N.M;QTY;REFDES;PACKAGE;CATEGORY;Value;Supply_voltage;Pieces_quoted;Prepared;;;;Description;Manuf;Manuf Code;Supplier;Supplier Code
83;1008;;1,00;U3;HTSSOP16;RG;LM5575MH;6V/75V;;;;;;Voltage regulator, switching, step-down, Vin 6/75V, Vout 1.225V, 1.5A, SMD, HTSSOP16;National Semiconductor;LM5575MH;FARNELL ITALIA S.R.L.;1325420;National Semiconductor;LM5575MH;MOUSER ELECTRONICS;926-LM5575MH/NOPB;National Semiconductor;LM5575MH/NOPB;MOUSER ELECTRONICS;926-LM5575MH/NOPB;
84;6158;;2,00;U6 U8;HTSSOP16;RG;LM5088MH;4.5V/75V;;AM;;;;Voltage regulator, switching, Vin 4.5/75V, Vout ADJ, 10A, SMD, TSSOP16;Texas Instruments;LM5088MH-1/NOPB;FARNELL ITALIA S.R.L.;2102670;Texas Instruments;LM5088MH-1/NOPB;MOUSER ELECTRONICS;926-LM5088MH-1/NOPB;
P;IITCODE;N.M;QTY;REFDES;PACKAGE;CATEGORY;Value;Supply_voltage;Ranges;Pieces_quoted;Prepared;;;Description;Manuf;Manuf Code;Supplier;Supplier Code
85;6149;;2,00;U5 U7;ACS711-EX;SE;ACS711KEXLT-15AB-T;3/5.5V;;;AM;;;Hall effect sensor current, 15.5A, 3/5.5V, SMD, QFN12;Allegro;ACS711KEXLT-15AB-T;DIGI-KEY CORPORATION;620-1483-1-ND;
P;IITCODE;N.M;QTY;REFDES;PACKAGE;CATEGORY;Value;Power;Tolerance;Pieces_quoted;Prepared;;;Description;Manuf;Manuf Code;Supplier;Supplier Code
86;6157;;2,00;Q5 Q6;TO252AA;TR;IRFR4510PBF;143W;;;AM;;;N-Channel Mosfet, Vds=100V, Id=56A, Rds=11.1mR, SMD, DPAK;International Rectifier;IRFR4510PBF;FARNELL ITALIA S.R.L.;2253794;International Rectifier;IRFR4510TRPBF;FARNELL ITALIA S.R.L.;2253795;
87;10127;;4,00;Q1 Q2 Q3 Q4;TO263;TR;SQM120N10-3M8;375W;;;AM;;;N-Channel Mosfet, Vds=100V, Id=120A, Rds=3.8mR, SMD, TO263;Vishay;SQM120N10-3M8-GE3;FARNELL ITALIA S.R.L.;2400409;Vishay;SQM120N10-3M8-GE3;MOUSER ELECTRONICS;78-SQM120N10-3M8_GE3;Vishay;SQM120N10-3M8-GE3;FARNELL ITALIA S.R.L.;3470664;
P;IITCODE;N.M;QTY;REFDES;PACKAGE;CATEGORY;Capacitance;Voltage;Tolerance;Dielectric;ESR;Rated RMS current;Temp;Description;Manuf;Manuf Code;Supplier;Supplier Code
88;1035;X;3,00;C8 C9 C10;0402;C;100nF;16V;10%;X7R;;;;Multilayer Ceramic Capacitor, 100nF, 16V, 10%, X7R, SMD, 0402;Yageo;CC0402KRX7R7BB104;FARNELL ITALIA S.R.L.;9402047;Yageo;CC0402KRX7R7BB104;RS COMPONENTS S.P.A.;616-9701;Kemet;C0402C104K4RACTU;FARNELL ITALIA S.R.L.;1288252;Kemet;C0402C104K4RACTU;MOUSER ELECTRONICS;80-C0402C104K4R;
89;1078;X;1,00;C18;1210;C;1uF;100V;10%;X7R;;;;Multilayer Ceramic Capacitor, 1uF, 100V, 10%, X7R, SMD, 1210;Avx;12101C105KAT2A;FARNELL ITALIA S.R.L.;1301814;Avx;12101C105KAT2A;RS COMPONENTS S.P.A.;698-3740;Avx;12101C105KAT2A;MOUSER ELECTRONICS;581-12101C105KAT2A;
90;1572;X;2,00;C38 C54;0402;C;47nF;25V;10%;X7R;;;;Multilayer Ceramic Capacitor, 47nF, 25V, 10%, X7R, SMD, 0402;Kemet;C0402C473K3RACTU;FARNELL ITALIA S.R.L.;1414595;Kemet;C0402C473K3RACTU;MOUSER ELECTRONICS;80-C0402C473K3R;Murata;GRM155R71E473KA88D;RS COMPONENTS S.P.A.;723-5256;
P;IITCODE;N.M;QTY;REFDES;PACKAGE;CATEGORY;Value;Current;Pieces_quoted;Prepared;;;;Description;Manuf;Manuf Code;Supplier;Supplier Code
91;5931;X;1,00;D2;SOD123;DI;MMSZ4702T1G;10mA;;M.M;;;;Diode Zener, Pv: 500mW, Vz: 15V, If: 10mA, SMD, SOD123;ON Semiconductors;MMSZ4702T1G;FARNELL ITALIA S.R.L.;2101824;
P;IITCODE;N.M;QTY;REFDES;PACKAGE;CATEGORY;Value;Ranges;Tolerance;Pieces_quoted;Prepared;;;Description;Manuf;Manuf Code;Supplier;Supplier Code
92;7107;X;1,00;HEATSINK1;;MC;ICK-SMD-F-26-SA;26x8x6mm;;;AM;;;FISCHER HEATSINKS - HEAT SINK, SMD, 26°C/W, 26x8x6mm;Fischer;ICK-SMD-F-26-SA;FARNELL ITALIA S.R.L.;4302382;
93;7108;X;2,00;HEATSINK2 HEATSINK3;;MC;ICK-SMD-A-8-SA;8x6.3x4.8mm;;;AM;;;FISCHER HEATSINKS - HEAT SINK, SMD, 87°C/W, 8x6.3x4.8mm;Fischer;ICK-SMD-A-8-SA;FARNELL ITALIA S.R.L.;4302175;
P;IITCODE;N.M;QTY;REFDES;PACKAGE;CATEGORY;Resistance;Power;Tolerance;Stability;Voltage;Prepared;;Description;Manuf;Manuf Code;Supplier;Supplier Code
94;465;X;2,00;R38 R50;0603;R;47K;0.1W;1%;100ppm;;;;Resistor Thick film, 47K, 0.1W, 1%, SMD, 0603;Phycomp;RC0603FR-0747KL;DIGI-KEY CORPORATION;311-47.0KHRTR-ND;Vishay;CRCW060347K0FKEA;FARNELL ITALIA S.R.L.;1469811;
95;470;X;1,00;R18;0603;R;150K;0.1W;1%;100ppm;;;;Resistor Thick film, 150K, 0.1W, 1%, SMD, 0603;Phycomp;RC0603FR-07150KL;DIGI-KEY CORPORATION;311-150KHRTR-ND;Phycomp;RC0603FR-07150KL;FARNELL ITALIA S.R.L.;9238743;
96;1109;X;2,00;R2 R3;0402;R;10K;0.063W;1%;250ppm;;;;Resistor Thick film, 10K, 0.063W, 1%, SMD, 0402;Yageo;RC0402FR-0710KL;FARNELL ITALIA S.R.L.;9239359RL;Yageo;RC0402FR-0710KL;MOUSER ELECTRONICS;603-RC0402FR-0710KL;
